Cell	Subpopulation
SA1035X4XB02879-A95626A-R03-C45	2
SA1035X4XB02879-A95626A-R03-C50	2
SA1035X4XB02879-A95626A-R03-C52	2
SA1035X4XB02879-A95626A-R03-C53	2
SA1035X4XB02879-A95626A-R03-C58	2
SA1035X4XB02879-A95626A-R03-C62	2
SA1035X4XB02879-A95626A-R04-C21	2
SA1035X4XB02879-A95626A-R04-C59	2
SA1035X4XB02879-A95626A-R05-C07	2
SA1035X4XB02879-A95626A-R05-C18	2
SA1035X4XB02879-A95626A-R05-C22	2
SA1035X4XB02879-A95626A-R05-C29	2
SA1035X4XB02879-A95626A-R05-C30	2
SA1035X4XB02879-A95626A-R05-C40	2
SA1035X4XB02879-A95626A-R05-C53	2
SA1035X4XB02879-A95626A-R06-C29	2
SA1035X4XB02879-A95626A-R06-C60	2
SA1035X4XB02879-A95626A-R07-C20	2
SA1035X4XB02879-A95626A-R07-C27	2
SA1035X4XB02879-A95626A-R07-C29	2
SA1035X4XB02879-A95626A-R08-C36	2
SA1035X4XB02879-A95626A-R08-C60	2
SA1035X4XB02879-A95626A-R09-C20	2
SA1035X4XB02879-A95626A-R09-C50	2
SA1035X4XB02879-A95626A-R10-C15	2
SA1035X4XB02879-A95626A-R10-C32	2
SA1035X4XB02879-A95626A-R10-C33	2
SA1035X4XB02879-A95626A-R11-C09	2
SA1035X4XB02879-A95626A-R11-C14	2
SA1035X4XB02879-A95626A-R11-C24	2
SA1035X4XB02879-A95626A-R11-C30	2
SA1035X4XB02879-A95626A-R11-C35	2
SA1035X4XB02879-A95626A-R11-C36	2
SA1035X4XB02879-A95626A-R11-C37	2
SA1035X4XB02879-A95626A-R11-C41	2
SA1035X4XB02879-A95626A-R11-C50	2
SA1035X4XB02879-A95626A-R11-C54	2
SA1035X4XB02879-A95626A-R12-C08	2
SA1035X4XB02879-A95626A-R12-C09	2
SA1035X4XB02879-A95626A-R12-C10	2
SA1035X4XB02879-A95626A-R12-C11	2
SA1035X4XB02879-A95626A-R12-C15	2
SA1035X4XB02879-A95626A-R12-C18	2
SA1035X4XB02879-A95626A-R12-C23	2
SA1035X4XB02879-A95626A-R12-C24	2
SA1035X4XB02879-A95626A-R12-C27	2
SA1035X4XB02879-A95626A-R12-C28	2
SA1035X4XB02879-A95626A-R12-C34	2
SA1035X4XB02879-A95626A-R12-C37	2
SA1035X4XB02879-A95626A-R12-C42	2
SA1035X4XB02879-A95626A-R12-C45	2
SA1035X4XB02879-A95626A-R12-C49	2
SA1035X4XB02879-A95626A-R12-C54	2
SA1035X4XB02879-A95626A-R12-C56	2
SA1035X4XB02879-A95626A-R12-C58	2
SA1035X4XB02879-A95626A-R12-C61	2
SA1035X4XB02879-A95626A-R12-C63	2
SA1035X4XB02879-A95626A-R12-C65	2
SA1035X4XB02879-A95626A-R13-C29	1
SA1035X4XB02879-A95626A-R13-C32	2
SA1035X4XB02879-A95626A-R13-C34	2
SA1035X4XB02879-A95626A-R13-C39	1
SA1035X4XB02879-A95626A-R13-C40	2
SA1035X4XB02879-A95626A-R13-C42	2
SA1035X4XB02879-A95626A-R13-C43	2
SA1035X4XB02879-A95626A-R13-C45	2
SA1035X4XB02879-A95626A-R13-C50	2
SA1035X4XB02879-A95626A-R13-C52	1
SA1035X4XB02879-A95626A-R13-C55	2
SA1035X4XB02879-A95626A-R13-C60	2
SA1035X4XB02879-A95626A-R13-C63	2
SA1035X4XB02879-A95626A-R14-C08	2
SA1035X4XB02879-A95626A-R14-C09	2
SA1035X4XB02879-A95626A-R14-C10	2
SA1035X4XB02879-A95626A-R14-C12	2
SA1035X4XB02879-A95626A-R14-C13	2
SA1035X4XB02879-A95626A-R14-C14	2
SA1035X4XB02879-A95626A-R14-C17	2
SA1035X4XB02879-A95626A-R14-C31	2
SA1035X4XB02879-A95626A-R14-C32	2
SA1035X4XB02879-A95626A-R14-C35	2
SA1035X4XB02879-A95626A-R14-C36	1
SA1035X4XB02879-A95626A-R14-C37	2
SA1035X4XB02879-A95626A-R14-C38	2
SA1035X4XB02879-A95626A-R14-C40	2
SA1035X4XB02879-A95626A-R14-C49	2
SA1035X4XB02879-A95626A-R14-C50	2
SA1035X4XB02879-A95626A-R14-C55	2
SA1035X4XB02879-A95626A-R14-C60	2
SA1035X4XB02879-A95626A-R14-C64	2
SA1035X4XB02879-A95626A-R14-C67	2
SA1035X4XB02879-A95626A-R15-C09	2
SA1035X4XB02879-A95626A-R15-C10	2
SA1035X4XB02879-A95626A-R15-C16	2
SA1035X4XB02879-A95626A-R15-C18	2
SA1035X4XB02879-A95626A-R15-C20	2
SA1035X4XB02879-A95626A-R15-C26	2
SA1035X4XB02879-A95626A-R15-C32	2
SA1035X4XB02879-A95626A-R15-C38	2
SA1035X4XB02879-A95626A-R15-C41	2
SA1035X4XB02879-A95626A-R15-C43	2
SA1035X4XB02879-A95626A-R15-C45	2
SA1035X4XB02879-A95626A-R15-C51	2
SA1035X4XB02879-A95626A-R15-C52	2
SA1035X4XB02879-A95626A-R15-C53	2
SA1035X4XB02879-A95626A-R15-C54	2
SA1035X4XB02879-A95626A-R15-C56	2
SA1035X4XB02879-A95626A-R15-C58	2
SA1035X4XB02879-A95626A-R15-C59	2
SA1035X4XB02879-A95626A-R15-C61	2
SA1035X4XB02879-A95626A-R15-C63	2
SA1035X4XB02879-A95626A-R15-C67	2
SA1035X4XB02879-A95626A-R16-C22	2
SA1035X4XB02879-A95626A-R16-C27	2
SA1035X4XB02879-A95626A-R16-C30	2
SA1035X4XB02879-A95626A-R16-C36	2
SA1035X4XB02879-A95626A-R16-C41	1
SA1035X4XB02879-A95626A-R16-C42	2
SA1035X4XB02879-A95626A-R16-C43	2
SA1035X4XB02879-A95626A-R16-C46	2
SA1035X4XB02879-A95626A-R16-C52	2
SA1035X4XB02879-A95626A-R16-C65	2
SA1035X4XB02879-A95626A-R16-C68	2
SA1035X4XB02879-A95626A-R17-C08	2
SA1035X4XB02879-A95626A-R17-C12	2
SA1035X4XB02879-A95626A-R17-C18	2
SA1035X4XB02879-A95626A-R17-C20	2
SA1035X4XB02879-A95626A-R17-C24	2
SA1035X4XB02879-A95626A-R17-C27	2
SA1035X4XB02879-A95626A-R17-C31	2
SA1035X4XB02879-A95626A-R17-C32	2
SA1035X4XB02879-A95626A-R17-C33	2
SA1035X4XB02879-A95626A-R17-C37	2
SA1035X4XB02879-A95626A-R17-C38	2
SA1035X4XB02879-A95626A-R17-C39	2
SA1035X4XB02879-A95626A-R17-C41	2
SA1035X4XB02879-A95626A-R17-C43	2
SA1035X4XB02879-A95626A-R17-C45	2
SA1035X4XB02879-A95626A-R17-C47	2
SA1035X4XB02879-A95626A-R17-C50	2
SA1035X4XB02879-A95626A-R17-C54	2
SA1035X4XB02879-A95626A-R17-C59	2
SA1035X4XB02879-A95626A-R17-C62	2
SA1035X4XB02879-A95626A-R17-C64	2
SA1035X4XB02879-A95626A-R17-C67	2
SA1035X4XB02879-A95626A-R17-C68	2
SA1035X4XB02879-A95626A-R18-C10	2
SA1035X4XB02879-A95626A-R18-C14	2
SA1035X4XB02879-A95626A-R18-C20	2
SA1035X4XB02879-A95626A-R18-C25	1
SA1035X4XB02879-A95626A-R18-C33	2
SA1035X4XB02879-A95626A-R18-C34	2
SA1035X4XB02879-A95626A-R18-C36	2
SA1035X4XB02879-A95626A-R18-C43	2
SA1035X4XB02879-A95626A-R18-C45	2
SA1035X4XB02879-A95626A-R18-C48	2
SA1035X4XB02879-A95626A-R18-C50	2
SA1035X4XB02879-A95626A-R18-C54	2
SA1035X4XB02879-A95626A-R18-C55	2
SA1035X4XB02879-A95626A-R18-C57	2
SA1035X4XB02879-A95626A-R18-C59	2
SA1035X4XB02879-A95626A-R18-C61	2
SA1035X4XB02879-A95626A-R19-C10	2
SA1035X4XB02879-A95626A-R19-C13	2
SA1035X4XB02879-A95626A-R19-C18	2
SA1035X4XB02879-A95626A-R19-C21	2
SA1035X4XB02879-A95626A-R19-C24	2
SA1035X4XB02879-A95626A-R19-C26	2
SA1035X4XB02879-A95626A-R19-C28	2
SA1035X4XB02879-A95626A-R19-C31	2
SA1035X4XB02879-A95626A-R19-C35	2
SA1035X4XB02879-A95626A-R19-C41	2
SA1035X4XB02879-A95626A-R19-C44	2
SA1035X4XB02879-A95626A-R19-C45	2
SA1035X4XB02879-A95626A-R19-C53	2
SA1035X4XB02879-A95626A-R19-C56	2
SA1035X4XB02879-A95626A-R19-C58	2
SA1035X4XB02879-A95626A-R19-C59	2
SA1035X4XB02879-A95626A-R19-C60	2
SA1035X4XB02879-A95626A-R19-C64	2
SA1035X4XB02879-A95626A-R20-C33	2
SA1035X4XB02879-A95626A-R20-C38	2
SA1035X4XB02879-A95626A-R20-C53	1
SA1035X4XB02879-A95646A-R03-C13	2
SA1035X4XB02879-A95646A-R03-C21	2
SA1035X4XB02879-A95646A-R03-C30	2
SA1035X4XB02879-A95646A-R03-C43	2
SA1035X4XB02879-A95646A-R03-C47	2
SA1035X4XB02879-A95646A-R03-C54	2
SA1035X4XB02879-A95646A-R03-C68	2
SA1035X4XB02879-A95646A-R04-C11	2
SA1035X4XB02879-A95646A-R04-C14	2
SA1035X4XB02879-A95646A-R04-C15	2
SA1035X4XB02879-A95646A-R04-C16	2
SA1035X4XB02879-A95646A-R04-C20	2
SA1035X4XB02879-A95646A-R04-C23	2
SA1035X4XB02879-A95646A-R04-C27	2
SA1035X4XB02879-A95646A-R04-C29	2
SA1035X4XB02879-A95646A-R04-C33	2
SA1035X4XB02879-A95646A-R04-C35	2
SA1035X4XB02879-A95646A-R04-C64	2
SA1035X4XB02879-A95646A-R04-C66	2
SA1035X4XB02879-A95646A-R05-C09	2
SA1035X4XB02879-A95646A-R05-C14	2
SA1035X4XB02879-A95646A-R05-C18	2
SA1035X4XB02879-A95646A-R05-C19	2
SA1035X4XB02879-A95646A-R05-C70	2
SA1035X4XB02879-A95646A-R06-C30	2
SA1035X4XB02879-A95646A-R06-C34	2
SA1035X4XB02879-A95646A-R06-C36	2
SA1035X4XB02879-A95646A-R06-C51	2
SA1035X4XB02879-A95646A-R06-C52	2
SA1035X4XB02879-A95646A-R06-C59	2
SA1035X4XB02879-A95646A-R06-C63	2
SA1035X4XB02879-A95646A-R07-C25	2
SA1035X4XB02879-A95646A-R07-C27	2
SA1035X4XB02879-A95646A-R07-C28	2
SA1035X4XB02879-A95646A-R07-C29	2
SA1035X4XB02879-A95646A-R07-C30	2
SA1035X4XB02879-A95646A-R07-C37	2
SA1035X4XB02879-A95646A-R07-C41	2
SA1035X4XB02879-A95646A-R07-C44	1
SA1035X4XB02879-A95646A-R07-C47	2
SA1035X4XB02879-A95646A-R07-C48	2
SA1035X4XB02879-A95646A-R07-C49	2
SA1035X4XB02879-A95646A-R07-C52	2
SA1035X4XB02879-A95646A-R07-C54	2
SA1035X4XB02879-A95646A-R07-C55	2
SA1035X4XB02879-A95646A-R07-C66	2
SA1035X4XB02879-A95646A-R07-C68	2
SA1035X4XB02879-A95646A-R08-C07	2
SA1035X4XB02879-A95646A-R08-C16	2
SA1035X4XB02879-A95646A-R08-C20	2
SA1035X4XB02879-A95646A-R08-C31	2
SA1035X4XB02879-A95646A-R08-C40	2
SA1035X4XB02879-A95646A-R08-C46	2
SA1035X4XB02879-A95646A-R08-C53	2
SA1035X4XB02879-A95646A-R08-C56	2
SA1035X4XB02879-A95646A-R08-C60	2
SA1035X4XB02879-A95646A-R08-C70	1
SA1035X4XB02879-A95646A-R09-C07	2
SA1035X4XB02879-A95646A-R09-C22	2
SA1035X4XB02879-A95646A-R09-C31	2
SA1035X4XB02879-A95646A-R09-C32	2
SA1035X4XB02879-A95646A-R09-C34	2
SA1035X4XB02879-A95646A-R09-C41	2
SA1035X4XB02879-A95646A-R09-C44	2
SA1035X4XB02879-A95646A-R09-C46	2
SA1035X4XB02879-A95646A-R09-C62	1
SA1035X4XB02879-A95646A-R10-C09	1
SA1035X4XB02879-A95646A-R10-C11	2
SA1035X4XB02879-A95646A-R10-C14	2
SA1035X4XB02879-A95646A-R10-C24	2
SA1035X4XB02879-A95646A-R10-C29	2
SA1035X4XB02879-A95646A-R10-C30	2
SA1035X4XB02879-A95646A-R10-C31	2
SA1035X4XB02879-A95646A-R10-C32	2
SA1035X4XB02879-A95646A-R10-C35	2
SA1035X4XB02879-A95646A-R10-C40	2
SA1035X4XB02879-A95646A-R10-C41	2
SA1035X4XB02879-A95646A-R10-C44	2
SA1035X4XB02879-A95646A-R10-C48	2
SA1035X4XB02879-A95646A-R10-C54	2
SA1035X4XB02879-A95646A-R11-C07	2
SA1035X4XB02879-A95646A-R11-C09	2
SA1035X4XB02879-A95646A-R11-C10	2
SA1035X4XB02879-A95646A-R11-C14	1
SA1035X4XB02879-A95646A-R11-C19	1
SA1035X4XB02879-A95646A-R11-C20	2
SA1035X4XB02879-A95646A-R11-C22	1
SA1035X4XB02879-A95646A-R11-C23	2
SA1035X4XB02879-A95646A-R11-C38	2
SA1035X4XB02879-A95646A-R11-C49	2
SA1035X4XB02879-A95646A-R11-C50	2
SA1035X4XB02879-A95646A-R11-C55	2
SA1035X4XB02879-A95646A-R12-C08	2
SA1035X4XB02879-A95646A-R12-C15	2
SA1035X4XB02879-A95646A-R12-C20	2
SA1035X4XB02879-A95646A-R12-C36	2
SA1035X4XB02879-A95646A-R12-C38	2
SA1035X4XB02879-A95646A-R12-C43	2
SA1035X4XB02879-A95646A-R12-C46	2
SA1035X4XB02879-A95646A-R13-C07	2
SA1035X4XB02879-A95646A-R13-C13	2
SA1035X4XB02879-A95646A-R13-C26	1
SA1035X4XB02879-A95646A-R13-C28	2
SA1035X4XB02879-A95646A-R13-C34	2
SA1035X4XB02879-A95646A-R13-C51	2
SA1035X4XB02879-A95646A-R13-C56	2
SA1035X4XB02879-A95646A-R14-C13	2
SA1035X4XB02879-A95646A-R14-C20	2
SA1035X4XB02879-A95646A-R14-C21	2
SA1035X4XB02879-A95646A-R14-C25	2
SA1035X4XB02879-A95646A-R14-C27	2
SA1035X4XB02879-A95646A-R14-C30	2
SA1035X4XB02879-A95646A-R14-C31	2
SA1035X4XB02879-A95646A-R14-C42	2
SA1035X4XB02879-A95646A-R14-C53	2
SA1035X4XB02879-A95646A-R14-C55	2
SA1035X4XB02879-A95646A-R15-C13	2
SA1035X4XB02879-A95646A-R15-C16	2
SA1035X4XB02879-A95646A-R15-C20	2
SA1035X4XB02879-A95646A-R15-C26	2
SA1035X4XB02879-A95646A-R15-C28	2
SA1035X4XB02879-A95646A-R15-C32	2
SA1035X4XB02879-A95646A-R15-C34	2
SA1035X4XB02879-A95646A-R15-C54	2
SA1035X4XB02879-A95646A-R15-C62	2
SA1035X4XB02879-A95646A-R16-C14	2
SA1035X4XB02879-A95646A-R16-C26	2
SA1035X4XB02879-A95646A-R16-C52	2
SA1035X4XB02879-A95646A-R16-C58	2
SA1035X4XB02879-A95646A-R16-C65	2
SA1035X4XB02879-A95646A-R17-C27	2
SA1035X4XB02879-A95646A-R17-C38	2
SA1035X4XB02879-A95646A-R17-C54	2
SA1035X4XB02879-A95646A-R17-C60	2
SA1035X4XB02879-A95646A-R17-C66	1
SA1035X4XB02879-A95646A-R18-C12	2
SA1035X4XB02879-A95646A-R18-C23	2
SA1035X4XB02879-A95646A-R18-C30	2
SA1035X4XB02879-A95646A-R18-C58	1
SA1035X4XB02879-A95646A-R19-C15	2
SA1035X4XB02879-A95646A-R19-C38	2
SA1035X4XB02879-A95646A-R19-C57	2
SA1035X4XB02879-A95646A-R19-C60	2
SA1035X4XB02879-A95646A-R19-C61	2
SA1035X4XB02879-A95646A-R19-C63	2
SA1035X4XB02879-A95646A-R19-C64	2
SA1035X4XB02879-A95646A-R20-C13	2
SA1035X4XB02879-A95646A-R20-C27	2
SA1035X4XB02879-A95646A-R20-C29	2
SA1035X4XB02879-A95646A-R20-C43	2
SA1035X4XB02879-A95646A-R20-C48	2
SA1035X4XB02879-A95646A-R20-C49	1
SA1035X4XB02879-A95646A-R20-C59	2
SA1035X4XB02879-A95646A-R20-C61	2
SA1035X4XB02879-A95646A-R20-C63	2
SA1035X4XB02879-A95646A-R20-C66	2
SA1035X4XB02879-A95646A-R20-C68	2
SA1035X5XB03021-A95731B-R49-C07	2
SA1035X5XB03021-A95731B-R49-C56	2
SA1035X5XB03021-A95731B-R50-C27	2
SA1035X5XB03021-A95731B-R50-C53	2
SA1035X5XB03021-A95731B-R51-C43	2
SA1035X5XB03021-A95731B-R51-C45	2
SA1035X5XB03021-A95731B-R52-C10	2
SA1035X5XB03021-A95731B-R52-C31	2
SA1035X5XB03021-A95731B-R52-C36	2
SA1035X5XB03021-A95731B-R52-C45	2
SA1035X5XB03021-A95731B-R52-C59	2
SA1035X5XB03021-A95731B-R53-C14	2
SA1035X5XB03021-A95731B-R53-C20	2
SA1035X5XB03021-A95731B-R53-C22	2
SA1035X5XB03021-A95731B-R53-C33	1
SA1035X5XB03021-A95731B-R53-C45	2
SA1035X5XB03021-A95731B-R53-C58	2
SA1035X5XB03021-A95731B-R53-C60	2
SA1035X5XB03021-A95731B-R54-C36	2
SA1035X5XB03021-A95731B-R54-C45	2
SA1035X5XB03021-A95731B-R55-C11	2
SA1035X5XB03021-A95731B-R55-C21	2
SA1035X5XB03021-A95731B-R55-C22	2
SA1035X5XB03021-A95731B-R55-C24	1
SA1035X5XB03021-A95731B-R55-C36	2
SA1035X5XB03021-A95731B-R55-C38	2
SA1035X5XB03021-A95731B-R55-C49	2
SA1035X5XB03021-A95731B-R56-C10	2
SA1035X5XB03021-A95731B-R56-C65	2
SA1035X5XB03021-A95731B-R57-C22	1
SA1035X5XB03021-A95731B-R57-C58	2
SA1035X5XB03021-A95731B-R57-C65	2
SA1035X5XB03021-A95731B-R58-C24	2
SA1035X5XB03021-A95731B-R58-C33	1
SA1035X5XB03021-A95731B-R58-C35	2
SA1035X5XB03021-A95731B-R58-C38	2
SA1035X5XB03021-A95731B-R58-C50	1
SA1035X5XB03021-A95731B-R58-C60	2
SA1035X5XB03021-A95731B-R58-C62	2
SA1035X5XB03021-A95731B-R58-C68	2
SA1035X5XB03021-A95731B-R59-C18	2
SA1035X5XB03021-A95731B-R59-C58	2
SA1035X5XB03021-A95731B-R59-C65	2
SA1035X5XB03021-A95731B-R59-C67	2
SA1035X5XB03021-A95731B-R60-C10	2
SA1035X5XB03021-A95731B-R60-C13	2
SA1035X5XB03021-A95731B-R60-C21	2
SA1035X5XB03021-A95731B-R60-C26	2
SA1035X5XB03021-A95731B-R60-C28	2
SA1035X5XB03021-A95731B-R60-C29	2
SA1035X5XB03021-A95731B-R60-C30	2
SA1035X5XB03021-A95731B-R60-C35	1
SA1035X5XB03021-A95731B-R60-C36	2
SA1035X5XB03021-A95731B-R60-C47	2
SA1035X5XB03021-A95731B-R60-C50	2
SA1035X5XB03021-A95731B-R60-C54	1
SA1035X5XB03021-A95731B-R60-C55	2
SA1035X5XB03021-A95731B-R60-C61	2
SA1035X5XB03021-A95731B-R60-C62	2
SA1035X5XB03021-A95731B-R60-C67	2
SA1035X5XB03021-A95731B-R60-C69	2
SA1035X5XB03021-A95731B-R60-C70	2
SA1035X5XB03021-A95731B-R61-C08	2
SA1035X5XB03021-A95731B-R61-C11	2
SA1035X5XB03021-A95731B-R61-C14	2
SA1035X5XB03021-A95731B-R61-C16	2
SA1035X5XB03021-A95731B-R61-C19	2
SA1035X5XB03021-A95731B-R61-C20	2
SA1035X5XB03021-A95731B-R61-C26	2
SA1035X5XB03021-A95731B-R61-C28	2
SA1035X5XB03021-A95731B-R61-C34	2
SA1035X5XB03021-A95731B-R61-C37	2
SA1035X5XB03021-A95731B-R61-C44	2
SA1035X5XB03021-A95731B-R61-C48	2
SA1035X5XB03021-A95731B-R61-C49	2
SA1035X5XB03021-A95731B-R61-C51	2
SA1035X5XB03021-A95731B-R61-C53	2
SA1035X5XB03021-A95731B-R61-C59	2
SA1035X5XB03021-A95731B-R61-C62	2
SA1035X5XB03021-A95731B-R61-C63	1
SA1035X5XB03021-A95731B-R61-C64	2
SA1035X5XB03021-A95731B-R61-C65	1
SA1035X5XB03021-A95731B-R61-C67	2
SA1035X5XB03021-A95731B-R61-C68	2
SA1035X5XB03021-A95731B-R62-C13	2
SA1035X5XB03021-A95731B-R62-C16	2
SA1035X5XB03021-A95731B-R62-C21	2
SA1035X5XB03021-A95731B-R62-C22	2
SA1035X5XB03021-A95731B-R62-C23	2
SA1035X5XB03021-A95731B-R62-C24	2
SA1035X5XB03021-A95731B-R62-C31	2
SA1035X5XB03021-A95731B-R62-C33	2
SA1035X5XB03021-A95731B-R62-C34	2
SA1035X5XB03021-A95731B-R62-C35	2
SA1035X5XB03021-A95731B-R62-C40	2
SA1035X5XB03021-A95731B-R62-C47	1
SA1035X5XB03021-A95731B-R62-C48	2
SA1035X5XB03021-A95731B-R62-C49	2
SA1035X5XB03021-A95731B-R62-C51	2
SA1035X5XB03021-A95731B-R62-C54	1
SA1035X5XB03021-A95731B-R62-C55	2
SA1035X5XB03021-A95731B-R62-C58	2
SA1035X5XB03021-A95731B-R62-C60	2
SA1035X5XB03021-A95731B-R62-C62	2
SA1035X5XB03021-A95731B-R62-C64	2
SA1035X5XB03021-A95731B-R62-C65	1
SA1035X5XB03021-A95731B-R62-C68	1
SA1035X5XB03021-A95731B-R62-C69	2
SA1035X5XB03021-A95731B-R63-C14	2
SA1035X5XB03021-A95731B-R63-C16	2
SA1035X5XB03021-A95731B-R63-C17	2
SA1035X5XB03021-A95731B-R63-C18	2
SA1035X5XB03021-A95731B-R63-C21	2
SA1035X5XB03021-A95731B-R63-C26	2
SA1035X5XB03021-A95731B-R63-C27	2
SA1035X5XB03021-A95731B-R63-C28	2
SA1035X5XB03021-A95731B-R63-C31	2
SA1035X5XB03021-A95731B-R63-C38	2
SA1035X5XB03021-A95731B-R63-C40	2
SA1035X5XB03021-A95731B-R63-C43	2
SA1035X5XB03021-A95731B-R63-C45	2
SA1035X5XB03021-A95731B-R63-C47	2
SA1035X5XB03021-A95731B-R63-C51	2
SA1035X5XB03021-A95731B-R63-C53	2
SA1035X5XB03021-A95731B-R63-C56	2
SA1035X5XB03021-A95731B-R63-C57	2
SA1035X5XB03021-A95731B-R63-C58	2
SA1035X5XB03021-A95731B-R63-C60	2
SA1035X5XB03021-A95731B-R63-C61	2
SA1035X5XB03021-A95731B-R63-C62	2
SA1035X5XB03021-A95731B-R63-C63	2
SA1035X5XB03021-A95731B-R63-C64	2
SA1035X5XB03021-A95731B-R63-C66	2
SA1035X5XB03021-A95731B-R64-C07	2
SA1035X5XB03021-A95731B-R64-C08	2
SA1035X5XB03021-A95731B-R64-C10	2
SA1035X5XB03021-A95731B-R64-C11	1
SA1035X5XB03021-A95731B-R64-C12	2
SA1035X5XB03021-A95731B-R64-C15	1
SA1035X5XB03021-A95731B-R64-C18	2
SA1035X5XB03021-A95731B-R64-C20	2
SA1035X5XB03021-A95731B-R64-C23	2
SA1035X5XB03021-A95731B-R64-C26	2
SA1035X5XB03021-A95731B-R64-C32	2
SA1035X5XB03021-A95731B-R64-C42	2
SA1035X5XB03021-A95731B-R64-C43	2
SA1035X5XB03021-A95731B-R64-C52	2
SA1035X5XB03021-A95731B-R64-C53	2
SA1035X5XB03021-A95731B-R64-C54	2
SA1035X5XB03021-A95731B-R64-C56	2
SA1035X5XB03021-A95731B-R64-C59	2
SA1035X5XB03021-A95731B-R64-C60	2
SA1035X5XB03021-A95731B-R64-C62	2
SA1035X5XB03021-A95731B-R64-C64	1
SA1035X5XB03021-A95731B-R64-C67	2
SA1035X5XB03021-A95731B-R65-C07	2
SA1035X5XB03021-A95731B-R65-C09	1
SA1035X5XB03021-A95731B-R65-C10	2
SA1035X5XB03021-A95731B-R65-C12	2
SA1035X5XB03021-A95731B-R65-C18	2
SA1035X5XB03021-A95731B-R65-C20	2
SA1035X5XB03021-A95731B-R65-C23	2
SA1035X5XB03021-A95731B-R65-C24	2
SA1035X5XB03021-A95731B-R65-C25	2
SA1035X5XB03021-A95731B-R65-C26	2
SA1035X5XB03021-A95731B-R65-C27	1
SA1035X5XB03021-A95731B-R65-C28	2
SA1035X5XB03021-A95731B-R65-C30	2
SA1035X5XB03021-A95731B-R65-C33	1
SA1035X5XB03021-A95731B-R65-C35	1
SA1035X5XB03021-A95731B-R65-C36	2
SA1035X5XB03021-A95731B-R65-C37	2
SA1035X5XB03021-A95731B-R65-C39	2
SA1035X5XB03021-A95731B-R65-C42	2
SA1035X5XB03021-A95731B-R65-C43	2
SA1035X5XB03021-A95731B-R65-C46	2
SA1035X5XB03021-A95731B-R65-C47	2
SA1035X5XB03021-A95731B-R65-C48	2
SA1035X5XB03021-A95731B-R65-C52	2
SA1035X5XB03021-A95731B-R65-C61	2
SA1035X5XB03021-A95731B-R65-C62	2
SA1035X5XB03021-A95731B-R65-C63	2
SA1035X5XB03021-A95731B-R65-C69	2
SA1035X5XB03021-A95731B-R65-C70	2
SA1035X5XB03021-A95731B-R66-C15	2
SA1035X5XB03021-A95731B-R66-C19	2
SA1035X5XB03021-A95731B-R66-C24	2
SA1035X5XB03021-A95731B-R66-C25	2
SA1035X5XB03021-A95731B-R66-C26	1
SA1035X5XB03021-A95731B-R66-C27	2
SA1035X5XB03021-A95731B-R66-C35	2
SA1035X5XB03021-A95731B-R66-C36	2
SA1035X5XB03021-A95731B-R66-C37	2
SA1035X5XB03021-A95731B-R66-C38	1
SA1035X5XB03021-A95731B-R66-C48	2
SA1035X5XB03021-A95731B-R66-C51	2
SA1035X5XB03021-A95731B-R66-C64	2
SA1035X5XB03021-A95731B-R67-C14	1
SA1035X5XB03021-A95731B-R67-C16	2
SA1035X5XB03021-A95731B-R67-C20	2
SA1035X5XB03021-A95731B-R67-C42	2
SA1035X5XB03021-A95731B-R67-C43	2
SA1035X5XB03021-A95731B-R67-C45	2
SA1035X5XB03021-A95731B-R67-C47	2
SA1035X5XB03021-A95731B-R67-C55	2
SA1035X5XB03021-A95731B-R67-C59	2
SA1035X5XB03021-A95731B-R67-C63	2
SA1035X5XB03021-A95731B-R68-C15	1
SA1035X5XB03021-A95731B-R68-C16	2
SA1035X5XB03021-A95731B-R68-C21	2
SA1035X5XB03021-A95731B-R68-C22	1
SA1035X5XB03021-A95731B-R68-C24	2
SA1035X5XB03021-A95731B-R68-C26	2
SA1035X5XB03021-A95731B-R68-C28	2
SA1035X5XB03021-A95731B-R68-C29	1
SA1035X5XB03021-A95731B-R68-C35	1
SA1035X5XB03021-A95731B-R68-C36	2
SA1035X5XB03021-A95731B-R68-C42	2
SA1035X5XB03021-A95731B-R68-C43	2
SA1035X5XB03021-A95731B-R68-C47	2
SA1035X5XB03021-A95731B-R68-C50	2
SA1035X5XB03021-A95731B-R68-C53	2
SA1035X5XB03021-A95731B-R68-C55	2
SA1035X5XB03021-A95731B-R68-C58	2
SA1035X5XB03021-A95731B-R68-C59	2
SA1035X5XB03021-A95731B-R68-C66	2
SA1035X5XB03021-A95731B-R68-C67	1
SA1035X5XB03021-A95731B-R68-C70	1
SA1035X5XB03021-A95731B-R69-C09	1
SA1035X5XB03021-A95731B-R69-C14	1
SA1035X5XB03021-A95731B-R69-C18	2
SA1035X5XB03021-A95731B-R69-C22	2
SA1035X5XB03021-A95731B-R69-C23	2
SA1035X5XB03021-A95731B-R69-C25	2
SA1035X5XB03021-A95731B-R69-C26	2
SA1035X5XB03021-A95731B-R69-C29	1
SA1035X5XB03021-A95731B-R69-C38	2
SA1035X5XB03021-A95731B-R69-C40	2
SA1035X5XB03021-A95731B-R69-C41	2
SA1035X5XB03021-A95731B-R69-C43	2
SA1035X5XB03021-A95731B-R69-C47	2
SA1035X5XB03021-A95731B-R69-C48	2
SA1035X5XB03021-A95731B-R69-C52	2
SA1035X5XB03021-A95731B-R69-C54	2
SA1035X5XB03021-A95731B-R69-C57	2
SA1035X5XB03021-A95731B-R69-C59	2
SA1035X5XB03021-A95731B-R69-C60	2
SA1035X5XB03021-A95731B-R69-C61	2
SA1035X5XB03021-A95731B-R69-C68	2
SA1035X5XB03021-A95731B-R70-C10	2
SA1035X5XB03021-A95731B-R70-C11	1
SA1035X5XB03021-A95731B-R70-C12	2
SA1035X5XB03021-A95731B-R70-C18	2
SA1035X5XB03021-A95731B-R70-C19	1
SA1035X5XB03021-A95731B-R70-C33	2
SA1035X5XB03021-A95731B-R70-C36	2
SA1035X5XB03021-A95731B-R70-C37	2
SA1035X5XB03021-A95731B-R70-C49	1
SA1035X5XB03021-A95731B-R70-C60	2
SA1035X5XB03021-A95731B-R70-C70	2
SA1035X6XB03216-A95623B-R47-C07	2
SA1035X6XB03216-A95623B-R47-C12	1
SA1035X6XB03216-A95623B-R47-C18	2
SA1035X6XB03216-A95623B-R47-C20	1
SA1035X6XB03216-A95623B-R47-C27	1
SA1035X6XB03216-A95623B-R47-C28	2
SA1035X6XB03216-A95623B-R47-C40	1
SA1035X6XB03216-A95623B-R47-C51	2
SA1035X6XB03216-A95623B-R47-C53	2
SA1035X6XB03216-A95623B-R47-C60	2
SA1035X6XB03216-A95623B-R47-C62	2
SA1035X6XB03216-A95623B-R48-C14	2
SA1035X6XB03216-A95623B-R48-C19	1
SA1035X6XB03216-A95623B-R48-C29	1
SA1035X6XB03216-A95623B-R48-C30	1
SA1035X6XB03216-A95623B-R48-C44	2
SA1035X6XB03216-A95623B-R48-C47	2
SA1035X6XB03216-A95623B-R48-C52	2
SA1035X6XB03216-A95623B-R48-C61	2
SA1035X6XB03216-A95623B-R48-C68	2
SA1035X6XB03216-A95623B-R49-C15	2
SA1035X6XB03216-A95623B-R49-C22	2
SA1035X6XB03216-A95623B-R49-C24	2
SA1035X6XB03216-A95623B-R49-C33	2
SA1035X6XB03216-A95623B-R49-C34	2
SA1035X6XB03216-A95623B-R49-C35	2
SA1035X6XB03216-A95623B-R49-C53	2
SA1035X6XB03216-A95623B-R50-C08	2
SA1035X6XB03216-A95623B-R50-C15	2
SA1035X6XB03216-A95623B-R50-C27	2
SA1035X6XB03216-A95623B-R50-C47	2
SA1035X6XB03216-A95623B-R50-C48	2
SA1035X6XB03216-A95623B-R50-C50	2
SA1035X6XB03216-A95623B-R50-C56	2
SA1035X6XB03216-A95623B-R50-C60	1
SA1035X6XB03216-A95623B-R50-C61	1
SA1035X6XB03216-A95623B-R50-C62	1
SA1035X6XB03216-A95623B-R50-C68	1
SA1035X6XB03216-A95623B-R51-C33	2
SA1035X6XB03216-A95623B-R51-C38	2
SA1035X6XB03216-A95623B-R52-C45	1
SA1035X6XB03216-A95623B-R52-C55	2
SA1035X6XB03216-A95623B-R53-C48	2
SA1035X6XB03216-A95623B-R54-C48	2
SA1035X6XB03216-A95623B-R54-C65	1
SA1035X6XB03216-A95623B-R55-C14	2
SA1035X6XB03216-A95623B-R55-C19	2
SA1035X6XB03216-A95623B-R55-C29	2
SA1035X6XB03216-A95623B-R55-C53	2
SA1035X6XB03216-A95623B-R55-C62	1
SA1035X6XB03216-A95623B-R56-C10	2
SA1035X6XB03216-A95623B-R56-C38	1
SA1035X6XB03216-A95623B-R56-C40	1
SA1035X6XB03216-A95623B-R57-C21	1
SA1035X6XB03216-A95623B-R57-C53	2
SA1035X6XB03216-A95623B-R58-C09	2
SA1035X6XB03216-A95623B-R58-C13	1
SA1035X6XB03216-A95623B-R58-C15	2
SA1035X6XB03216-A95623B-R58-C18	2
SA1035X6XB03216-A95623B-R58-C40	2
SA1035X6XB03216-A95623B-R58-C45	2
SA1035X6XB03216-A95623B-R58-C56	2
SA1035X6XB03216-A95623B-R58-C62	2
SA1035X6XB03216-A95623B-R59-C17	1
SA1035X6XB03216-A95623B-R59-C18	2
SA1035X6XB03216-A95623B-R59-C32	2
SA1035X6XB03216-A95623B-R59-C57	2
SA1035X6XB03216-A95623B-R59-C58	2
SA1035X6XB03216-A95623B-R59-C70	2
SA1035X6XB03216-A95623B-R60-C18	2
SA1035X6XB03216-A95623B-R60-C21	2
SA1035X6XB03216-A95623B-R60-C24	1
SA1035X6XB03216-A95623B-R60-C30	2
SA1035X6XB03216-A95623B-R60-C36	2
SA1035X6XB03216-A95623B-R60-C50	2
SA1035X6XB03216-A95623B-R60-C52	1
SA1035X6XB03216-A95623B-R60-C56	2
SA1035X6XB03216-A95623B-R60-C57	2
SA1035X6XB03216-A95623B-R60-C63	2
SA1035X6XB03216-A95623B-R60-C67	2
SA1035X6XB03216-A95623B-R61-C26	2
SA1035X6XB03216-A95623B-R61-C32	2
SA1035X6XB03216-A95623B-R61-C34	2
SA1035X6XB03216-A95623B-R61-C38	2
SA1035X6XB03216-A95623B-R61-C51	2
SA1035X6XB03216-A95623B-R61-C53	2
SA1035X6XB03216-A95623B-R61-C57	1
SA1035X6XB03216-A95623B-R61-C62	1
SA1035X6XB03216-A95623B-R61-C65	2
SA1035X6XB03216-A95623B-R62-C12	2
SA1035X6XB03216-A95623B-R62-C41	2
SA1035X6XB03216-A95623B-R62-C42	2
SA1035X6XB03216-A95623B-R62-C63	2
SA1035X6XB03216-A95623B-R62-C68	1
SA1035X6XB03216-A95623B-R63-C13	2
SA1035X6XB03216-A95623B-R63-C14	2
SA1035X6XB03216-A95623B-R63-C26	2
SA1035X6XB03216-A95623B-R63-C35	1
SA1035X6XB03216-A95623B-R63-C40	2
SA1035X6XB03216-A95623B-R63-C49	2
SA1035X6XB03216-A95623B-R63-C54	2
SA1035X6XB03216-A95623B-R63-C57	2
SA1035X6XB03216-A95623B-R63-C61	2
SA1035X6XB03216-A95623B-R63-C62	2
SA1035X6XB03216-A95623B-R64-C40	2
SA1035X6XB03216-A95623B-R64-C48	1
SA1035X6XB03216-A95623B-R64-C51	2
SA1035X6XB03216-A95623B-R65-C15	1
SA1035X6XB03216-A95623B-R65-C17	2
SA1035X6XB03216-A95623B-R65-C41	2
SA1035X6XB03216-A95623B-R65-C47	2
SA1035X6XB03216-A95623B-R66-C16	2
SA1035X6XB03216-A95623B-R66-C29	2
SA1035X6XB03216-A95623B-R66-C50	2
SA1035X6XB03216-A95623B-R66-C59	2
SA1035X6XB03216-A95623B-R67-C24	2
SA1035X6XB03216-A95623B-R67-C26	1
SA1035X6XB03216-A95623B-R67-C27	2
SA1035X6XB03216-A95623B-R67-C32	2
SA1035X6XB03216-A95623B-R67-C41	2
SA1035X6XB03216-A95623B-R67-C44	2
SA1035X6XB03216-A95623B-R67-C48	2
SA1035X6XB03216-A95623B-R67-C61	2
SA1035X6XB03216-A95623B-R67-C62	2
SA1035X6XB03216-A95623B-R68-C07	2
SA1035X6XB03216-A95623B-R68-C27	2
SA1035X6XB03216-A95623B-R68-C55	2
SA1035X6XB03216-A95623B-R69-C26	1
SA1035X6XB03216-A95623B-R70-C09	2
SA1035X6XB03216-A95623B-R70-C67	2
SA1035X7XB03502-A98251B-R32-C23	1
SA1035X7XB03502-A98251B-R32-C36	1
SA1035X7XB03502-A98251B-R32-C45	1
SA1035X7XB03502-A98251B-R32-C56	1
SA1035X7XB03502-A98251B-R32-C57	1
SA1035X7XB03502-A98251B-R32-C61	1
SA1035X7XB03502-A98251B-R32-C69	2
SA1035X7XB03502-A98251B-R33-C38	1
SA1035X7XB03502-A98251B-R33-C39	1
SA1035X7XB03502-A98251B-R33-C40	1
SA1035X7XB03502-A98251B-R33-C48	2
SA1035X7XB03502-A98251B-R33-C51	2
SA1035X7XB03502-A98251B-R33-C59	1
SA1035X7XB03502-A98251B-R33-C63	1
SA1035X7XB03502-A98251B-R33-C66	2
SA1035X7XB03502-A98251B-R34-C38	2
SA1035X7XB03502-A98251B-R34-C39	2
SA1035X7XB03502-A98251B-R34-C40	2
SA1035X7XB03502-A98251B-R34-C43	1
SA1035X7XB03502-A98251B-R34-C51	1
SA1035X7XB03502-A98251B-R34-C52	2
SA1035X7XB03502-A98251B-R34-C59	1
SA1035X7XB03502-A98251B-R34-C61	1
SA1035X7XB03502-A98251B-R34-C63	2
SA1035X7XB03502-A98251B-R34-C64	1
SA1035X7XB03502-A98251B-R34-C65	2
SA1035X7XB03502-A98251B-R34-C67	1
SA1035X7XB03502-A98251B-R35-C44	1
SA1035X7XB03502-A98251B-R35-C46	1
SA1035X7XB03502-A98251B-R35-C47	1
SA1035X7XB03502-A98251B-R35-C48	2
SA1035X7XB03502-A98251B-R35-C60	1
SA1035X7XB03502-A98251B-R36-C46	1
SA1035X7XB03502-A98251B-R36-C63	1
SA1035X7XB03502-A98251B-R36-C64	2
SA1035X7XB03502-A98251B-R36-C66	1
SA1035X7XB03502-A98251B-R37-C43	1
SA1035X7XB03502-A98251B-R37-C48	2
SA1035X7XB03502-A98251B-R37-C50	1
SA1035X7XB03502-A98251B-R37-C52	2
SA1035X7XB03502-A98251B-R38-C44	1
SA1035X7XB03502-A98251B-R38-C55	1
SA1035X7XB03502-A98251B-R38-C57	1
SA1035X7XB03502-A98251B-R38-C64	1
SA1035X7XB03502-A98251B-R38-C65	2
SA1035X7XB03502-A98251B-R39-C44	2
SA1035X7XB03502-A98251B-R39-C51	1
SA1035X7XB03502-A98251B-R41-C56	2
SA1035X7XB03502-A98251B-R44-C55	1
SA1035X7XB03502-A98251B-R44-C68	1
SA1035X7XB03502-A98251B-R45-C61	2
SA1035X7XB03502-A98251B-R48-C47	1
SA1035X7XB03502-A98251B-R48-C66	2
SA1035X7XB03502-A98251B-R50-C65	2
SA1035X7XB03502-A98251B-R52-C33	1
SA1035X7XB03502-A98251B-R52-C67	2
SA1035X7XB03502-A98251B-R58-C54	2
SA1035X7XB03502-A98251B-R58-C64	1
SA1035X7XB03502-A98251B-R59-C68	2
SA1035X7XB03502-A98251B-R60-C50	2
SA1035X7XB03502-A98251B-R60-C53	1
SA1035X7XB03502-A98251B-R60-C62	1
SA1035X7XB03502-A98251B-R63-C62	2
SA1035X7XB03502-A98251B-R63-C63	1
SA1035X7XB03502-A98251B-R64-C63	1
SA1035X7XB03502-A98251B-R66-C41	1
SA1035X7XB03502-A98251B-R66-C42	2
SA1035X7XB03502-A98251B-R66-C43	2
SA1035X7XB03502-A98251B-R66-C51	2
SA1035X7XB03502-A98251B-R66-C55	1
SA1035X7XB03502-A98251B-R66-C57	1
SA1035X7XB03502-A98251B-R66-C64	1
SA1035X7XB03502-A98251B-R66-C67	1
SA1035X7XB03502-A98251B-R67-C48	2
SA1035X7XB03502-A98251B-R67-C51	2
SA1035X7XB03502-A98251B-R67-C52	2
SA1035X7XB03502-A98251B-R67-C54	1
SA1035X7XB03502-A98251B-R67-C57	2
SA1035X7XB03502-A98251B-R67-C58	1
SA1035X7XB03502-A98251B-R67-C65	1
SA1035X7XB03502-A98251B-R67-C68	2
SA1035X7XB03502-A98251B-R67-C70	1
SA1035X7XB03502-A98251B-R68-C54	1
SA1035X7XB03502-A98251B-R68-C61	2
SA1035X7XB03502-A98251B-R69-C51	1
SA1035X7XB03502-A98251B-R69-C56	2
SA1035X7XB03502-A98251B-R69-C58	2
SA1035X7XB03502-A98251B-R69-C69	1
SA1035X7XB03502-A98251B-R70-C61	2
SA1035X7XB03502-A98290B-R45-C25	1
SA1035X7XB03502-A98290B-R45-C27	1
SA1035X7XB03502-A98290B-R45-C49	2
SA1035X7XB03502-A98290B-R45-C51	1
SA1035X7XB03502-A98290B-R45-C52	1
SA1035X7XB03502-A98290B-R45-C56	1
SA1035X7XB03502-A98290B-R45-C60	1
SA1035X7XB03502-A98290B-R45-C64	1
SA1035X7XB03502-A98290B-R46-C22	1
SA1035X7XB03502-A98290B-R46-C27	1
SA1035X7XB03502-A98290B-R46-C37	1
SA1035X7XB03502-A98290B-R46-C39	2
SA1035X7XB03502-A98290B-R46-C52	2
SA1035X7XB03502-A98290B-R47-C27	1
SA1035X7XB03502-A98290B-R47-C53	1
SA1035X7XB03502-A98290B-R47-C54	1
SA1035X7XB03502-A98290B-R47-C55	2
SA1035X7XB03502-A98290B-R49-C20	1
SA1035X7XB03502-A98290B-R49-C28	1
SA1035X7XB03502-A98290B-R49-C39	1
SA1035X7XB03502-A98290B-R49-C59	1
SA1035X7XB03502-A98290B-R50-C09	1
SA1035X7XB03502-A98290B-R52-C25	2
SA1035X7XB03502-A98290B-R52-C29	1
SA1035X7XB03502-A98290B-R52-C39	2
SA1035X7XB03502-A98290B-R52-C44	1
SA1035X7XB03502-A98290B-R52-C46	1
SA1035X7XB03502-A98290B-R52-C61	1
SA1035X7XB03502-A98290B-R53-C08	2
SA1035X7XB03502-A98290B-R53-C20	1
SA1035X7XB03502-A98290B-R54-C25	1
SA1035X7XB03502-A98290B-R54-C47	2
SA1035X7XB03502-A98290B-R57-C52	1
SA1035X7XB03502-A98290B-R57-C60	1
SA1035X7XB03502-A98290B-R58-C59	1
SA1035X7XB03502-A98290B-R60-C15	1
SA1035X7XB03502-A98290B-R61-C14	1
SA1035X7XB03502-A98290B-R61-C45	2
SA1035X7XB03502-A98290B-R62-C12	1
SA1035X7XB03502-A98290B-R62-C27	1
SA1035X7XB03502-A98290B-R62-C35	1
SA1035X7XB03502-A98290B-R62-C59	1
SA1035X7XB03502-A98290B-R63-C14	1
SA1035X7XB03502-A98290B-R63-C37	2
SA1035X7XB03502-A98290B-R64-C43	1
SA1035X7XB03502-A98290B-R65-C15	1
SA1035X7XB03502-A98290B-R65-C17	2
SA1035X7XB03502-A98290B-R65-C37	1
SA1035X7XB03502-A98290B-R65-C39	1
SA1035X7XB03502-A98290B-R67-C16	1
SA1035X7XB03502-A98290B-R67-C40	2
SA1035X7XB03502-A98290B-R68-C33	1
SA1035X8XB03631-A98253A-R03-C35	1
SA1035X8XB03631-A98253A-R03-C44	1
SA1035X8XB03631-A98253A-R04-C19	2
SA1035X8XB03631-A98253A-R04-C50	1
SA1035X8XB03631-A98253A-R04-C52	1
SA1035X8XB03631-A98253A-R05-C17	2
SA1035X8XB03631-A98253A-R05-C42	2
SA1035X8XB03631-A98253A-R06-C11	1
SA1035X8XB03631-A98253A-R06-C46	1
SA1035X8XB03631-A98253A-R07-C15	2
SA1035X8XB03631-A98253A-R07-C20	1
SA1035X8XB03631-A98253A-R07-C33	2
SA1035X8XB03631-A98253A-R07-C38	1
SA1035X8XB03631-A98253A-R07-C45	2
SA1035X8XB03631-A98253A-R08-C13	1
SA1035X8XB03631-A98253A-R08-C21	2
SA1035X8XB03631-A98253A-R08-C49	2
SA1035X8XB03631-A98253A-R08-C70	2
SA1035X8XB03631-A98253A-R09-C13	1
SA1035X8XB03631-A98253A-R09-C23	1
SA1035X8XB03631-A98253A-R09-C65	2
SA1035X8XB03631-A98253A-R10-C13	1
SA1035X8XB03631-A98253A-R11-C29	1
SA1035X8XB03631-A98253A-R12-C36	1
SA1035X8XB03631-A98253A-R12-C52	2
SA1035X8XB03631-A98253A-R12-C53	2
SA1035X8XB03631-A98253A-R12-C69	1
SA1035X8XB03631-A98253A-R13-C11	2
SA1035X8XB03631-A98253A-R13-C12	1
SA1035X8XB03631-A98253A-R13-C13	1
SA1035X8XB03631-A98253A-R13-C20	1
SA1035X8XB03631-A98253A-R13-C23	2
SA1035X8XB03631-A98253A-R13-C29	1
SA1035X8XB03631-A98253A-R13-C35	2
SA1035X8XB03631-A98253A-R13-C37	2
SA1035X8XB03631-A98253A-R13-C46	1
SA1035X8XB03631-A98253A-R13-C47	2
SA1035X8XB03631-A98253A-R13-C53	1
SA1035X8XB03631-A98253A-R14-C10	1
SA1035X8XB03631-A98253A-R14-C11	1
SA1035X8XB03631-A98253A-R14-C15	2
SA1035X8XB03631-A98253A-R14-C18	1
SA1035X8XB03631-A98253A-R14-C24	1
SA1035X8XB03631-A98253A-R14-C31	1
SA1035X8XB03631-A98253A-R14-C34	1
SA1035X8XB03631-A98253A-R14-C42	1
SA1035X8XB03631-A98253A-R14-C43	1
SA1035X8XB03631-A98253A-R14-C47	2
SA1035X8XB03631-A98253A-R14-C69	1
SA1035X8XB03631-A98253A-R15-C08	2
SA1035X8XB03631-A98253A-R15-C10	1
SA1035X8XB03631-A98253A-R15-C23	1
SA1035X8XB03631-A98253A-R15-C25	1
SA1035X8XB03631-A98253A-R15-C26	2
SA1035X8XB03631-A98253A-R15-C54	1
SA1035X8XB03631-A98253A-R15-C70	2
SA1035X8XB03631-A98253A-R16-C08	1
SA1035X8XB03631-A98253A-R16-C09	1
SA1035X8XB03631-A98253A-R16-C11	1
SA1035X8XB03631-A98253A-R16-C13	1
SA1035X8XB03631-A98253A-R16-C14	2
SA1035X8XB03631-A98253A-R16-C18	1
SA1035X8XB03631-A98253A-R16-C19	1
SA1035X8XB03631-A98253A-R16-C20	1
SA1035X8XB03631-A98253A-R16-C26	1
SA1035X8XB03631-A98253A-R16-C28	1
SA1035X8XB03631-A98253A-R16-C30	1
SA1035X8XB03631-A98253A-R16-C33	1
SA1035X8XB03631-A98253A-R16-C37	1
SA1035X8XB03631-A98253A-R16-C39	1
SA1035X8XB03631-A98253A-R16-C40	2
SA1035X8XB03631-A98253A-R16-C45	2
SA1035X8XB03631-A98253A-R17-C12	2
SA1035X8XB03631-A98253A-R17-C15	1
SA1035X8XB03631-A98253A-R17-C18	1
SA1035X8XB03631-A98253A-R17-C23	1
SA1035X8XB03631-A98253A-R17-C38	1
SA1035X8XB03631-A98253A-R17-C39	1
SA1035X8XB03631-A98253A-R17-C43	1
SA1035X8XB03631-A98253A-R17-C44	1
SA1035X8XB03631-A98253A-R17-C48	1
SA1035X8XB03631-A98253A-R17-C49	1
SA1035X8XB03631-A98253A-R17-C51	2
SA1035X8XB03631-A98253A-R17-C59	1
SA1035X8XB03631-A98253A-R17-C62	1
SA1035X8XB03631-A98253A-R18-C08	2
SA1035X8XB03631-A98253A-R18-C09	1
SA1035X8XB03631-A98253A-R18-C13	1
SA1035X8XB03631-A98253A-R18-C18	1
SA1035X8XB03631-A98253A-R18-C19	1
SA1035X8XB03631-A98253A-R18-C21	1
SA1035X8XB03631-A98253A-R18-C32	1
SA1035X8XB03631-A98253A-R18-C36	1
SA1035X8XB03631-A98253A-R18-C38	1
SA1035X8XB03631-A98253A-R18-C43	2
SA1035X8XB03631-A98253A-R18-C49	1
SA1035X8XB03631-A98253A-R18-C51	1
SA1035X8XB03631-A98253A-R18-C62	1
SA1035X8XB03631-A98253A-R18-C68	1
SA1035X8XB03631-A98253A-R19-C47	1
SA1035X8XB03631-A98253A-R19-C48	1
SA1035X8XB03631-A98253A-R19-C52	1
SA1035X8XB03631-A98253A-R19-C59	1
SA1035X8XB03631-A98253A-R20-C08	2
SA1035X8XB03631-A98253A-R20-C16	2
SA1035X8XB03631-A98253A-R20-C21	2
SA1035X8XB03631-A98253A-R20-C22	1
SA1035X8XB03631-A98253A-R20-C42	1
SA1035X8XB03631-A98253A-R20-C59	1
SA1035X8XB03631-A98253A-R20-C61	2
SA1035X8XB03631-A98253A-R20-C63	1
SA1035X8XB03631-A98253A-R21-C14	1
SA1035X8XB03631-A98253A-R21-C31	2
SA1035X8XB03631-A98253A-R21-C36	1
SA1035X8XB03631-A98253A-R21-C37	1
SA1035X8XB03631-A98253A-R21-C43	1
SA1035X8XB03631-A98253A-R21-C44	2
SA1035X8XB03631-A98253A-R21-C67	1
SA1035X8XB03631-A98253A-R22-C07	2
SA1035X8XB03631-A98253A-R22-C27	1
SA1035X8XB03631-A98253A-R22-C31	1
SA1035X8XB03631-A98253A-R22-C33	2
SA1035X8XB03631-A98253A-R22-C54	2
SA1035X8XB03631-A98253A-R22-C69	1
SA1035X8XB03631-A98253A-R23-C07	1
SA1035X8XB03631-A98253A-R23-C08	1
SA1035X8XB03631-A98253A-R23-C15	2
SA1035X8XB03631-A98253A-R23-C19	1
SA1035X8XB03631-A98253A-R23-C29	1
SA1035X8XB03631-A98253A-R23-C31	1
SA1035X8XB03631-A98253A-R23-C34	2
SA1035X8XB03631-A98253A-R23-C39	1
SA1035X8XB03631-A98253A-R23-C40	1
SA1035X8XB03631-A98253A-R23-C47	1
SA1035X8XB03631-A98253A-R23-C48	2
SA1035X8XB03631-A98253A-R23-C52	1
SA1035X8XB03631-A98253A-R23-C56	2
SA1035X8XB03631-A98253A-R23-C70	1
SA1035X8XB03631-A98253A-R24-C09	2
SA1035X8XB03631-A98253A-R24-C13	2
SA1035X8XB03631-A98253A-R24-C23	2
SA1035X8XB03631-A98253A-R24-C27	1
SA1035X8XB03631-A98253A-R24-C37	1
SA1035X8XB03631-A98253A-R24-C41	2
SA1035X8XB03631-A98253A-R24-C42	2
SA1035X8XB03631-A98253A-R24-C44	1
SA1035X8XB03631-A98253A-R24-C48	2
SA1035X8XB03631-A98253A-R24-C54	1
SA1035X8XB03631-A98253A-R24-C66	1
SA1035X8XB03631-A98253A-R24-C69	2
SA1035X8XB03631-A98253A-R25-C16	1
SA1035X8XB03631-A98253A-R25-C24	2
SA1035X8XB03631-A98253A-R25-C30	1
SA1035X8XB03631-A98253A-R25-C42	1
SA1035X8XB03631-A98253A-R25-C47	2
SA1035X8XB03631-A98253A-R25-C50	2
SA1035X8XB03631-A98253A-R25-C58	1
SA1035X8XB03631-A98253A-R25-C60	1
SA1035X8XB03631-A98253A-R25-C61	1
SA1035X8XB03631-A98256A-R04-C38	1
SA1035X8XB03631-A98256A-R05-C28	2
SA1035X8XB03631-A98256A-R05-C53	1
SA1035X8XB03631-A98256A-R06-C11	2
SA1035X8XB03631-A98256A-R06-C23	1
SA1035X8XB03631-A98256A-R06-C46	1
SA1035X8XB03631-A98256A-R06-C47	2
SA1035X8XB03631-A98256A-R07-C13	1
SA1035X8XB03631-A98256A-R07-C39	1
SA1035X8XB03631-A98256A-R07-C44	1
SA1035X8XB03631-A98256A-R08-C35	1
SA1035X8XB03631-A98256A-R08-C46	2
SA1035X8XB03631-A98256A-R08-C53	1
SA1035X8XB03631-A98256A-R09-C08	1
SA1035X8XB03631-A98256A-R09-C12	1
SA1035X8XB03631-A98256A-R09-C20	1
SA1035X8XB03631-A98256A-R09-C23	1
SA1035X8XB03631-A98256A-R09-C32	2
SA1035X8XB03631-A98256A-R09-C46	1
SA1035X8XB03631-A98256A-R09-C62	1
SA1035X8XB03631-A98256A-R10-C28	1
SA1035X8XB03631-A98256A-R10-C33	2
SA1035X8XB03631-A98256A-R10-C37	2
SA1035X8XB03631-A98256A-R10-C41	2
SA1035X8XB03631-A98256A-R11-C26	1
SA1035X8XB03631-A98256A-R11-C27	1
SA1035X8XB03631-A98256A-R11-C34	1
SA1035X8XB03631-A98256A-R11-C37	2
SA1035X8XB03631-A98256A-R11-C40	2
SA1035X8XB03631-A98256A-R11-C46	2
SA1035X8XB03631-A98256A-R11-C64	1
SA1035X8XB03631-A98256A-R12-C34	1
SA1035X8XB03631-A98256A-R12-C38	2
SA1035X8XB03631-A98256A-R12-C49	2
SA1035X8XB03631-A98256A-R12-C51	1
SA1035X8XB03631-A98256A-R12-C53	2
SA1035X8XB03631-A98256A-R12-C55	1
SA1035X8XB03631-A98256A-R12-C56	1
SA1035X8XB03631-A98256A-R12-C60	1
SA1035X8XB03631-A98256A-R13-C07	1
SA1035X8XB03631-A98256A-R13-C24	1
SA1035X8XB03631-A98256A-R13-C27	2
SA1035X8XB03631-A98256A-R13-C33	1
SA1035X8XB03631-A98256A-R13-C36	1
SA1035X8XB03631-A98256A-R13-C38	1
SA1035X8XB03631-A98256A-R13-C43	2
SA1035X8XB03631-A98256A-R13-C53	1
SA1035X8XB03631-A98256A-R13-C64	1
SA1035X8XB03631-A98256A-R13-C65	1
SA1035X8XB03631-A98256A-R14-C30	1
SA1035X8XB03631-A98256A-R14-C34	2
SA1035X8XB03631-A98256A-R14-C61	1
SA1035X8XB03631-A98256A-R14-C65	1
SA1035X8XB03631-A98256A-R15-C07	2
SA1035X8XB03631-A98256A-R15-C08	2
SA1035X8XB03631-A98256A-R15-C17	2
SA1035X8XB03631-A98256A-R15-C18	1
SA1035X8XB03631-A98256A-R15-C20	2
SA1035X8XB03631-A98256A-R15-C24	1
SA1035X8XB03631-A98256A-R15-C27	1
SA1035X8XB03631-A98256A-R15-C28	1
SA1035X8XB03631-A98256A-R15-C30	2
SA1035X8XB03631-A98256A-R15-C34	2
SA1035X8XB03631-A98256A-R15-C54	1
SA1035X8XB03631-A98256A-R15-C57	1
SA1035X8XB03631-A98256A-R15-C60	2
SA1035X8XB03631-A98256A-R15-C61	1
SA1035X8XB03631-A98256A-R15-C62	1
SA1035X8XB03631-A98256A-R15-C63	1
SA1035X8XB03631-A98256A-R16-C23	2
SA1035X8XB03631-A98256A-R16-C46	2
SA1035X8XB03631-A98256A-R16-C57	1
SA1035X8XB03631-A98256A-R16-C58	1
SA1035X8XB03631-A98256A-R16-C59	1
SA1035X8XB03631-A98256A-R16-C60	1
SA1035X8XB03631-A98256A-R16-C62	2
SA1035X8XB03631-A98256A-R16-C66	1
SA1035X8XB03631-A98256A-R16-C68	1
SA1035X8XB03631-A98256A-R17-C11	2
SA1035X8XB03631-A98256A-R17-C14	2
SA1035X8XB03631-A98256A-R17-C24	1
SA1035X8XB03631-A98256A-R17-C30	2
SA1035X8XB03631-A98256A-R17-C33	1
SA1035X8XB03631-A98256A-R17-C36	2
SA1035X8XB03631-A98256A-R17-C40	2
SA1035X8XB03631-A98256A-R17-C45	2
SA1035X8XB03631-A98256A-R17-C46	1
SA1035X8XB03631-A98256A-R17-C47	1
SA1035X8XB03631-A98256A-R17-C52	2
SA1035X8XB03631-A98256A-R17-C58	2
SA1035X8XB03631-A98256A-R17-C61	1
SA1035X8XB03631-A98256A-R17-C65	2
SA1035X8XB03631-A98256A-R18-C12	1
SA1035X8XB03631-A98256A-R18-C13	1
SA1035X8XB03631-A98256A-R18-C14	1
SA1035X8XB03631-A98256A-R18-C15	1
SA1035X8XB03631-A98256A-R18-C18	2
SA1035X8XB03631-A98256A-R18-C21	2
SA1035X8XB03631-A98256A-R18-C25	1
SA1035X8XB03631-A98256A-R18-C30	1
SA1035X8XB03631-A98256A-R18-C40	1
SA1035X8XB03631-A98256A-R18-C51	2
SA1035X8XB03631-A98256A-R18-C52	1
SA1035X8XB03631-A98256A-R18-C62	2
SA1035X8XB03631-A98256A-R19-C11	1
SA1035X8XB03631-A98256A-R19-C13	2
SA1035X8XB03631-A98256A-R19-C14	2
SA1035X8XB03631-A98256A-R19-C16	1
SA1035X8XB03631-A98256A-R19-C20	1
SA1035X8XB03631-A98256A-R19-C23	1
SA1035X8XB03631-A98256A-R19-C31	1
SA1035X8XB03631-A98256A-R19-C41	2
SA1035X8XB03631-A98256A-R19-C44	1
SA1035X8XB03631-A98256A-R19-C46	1
SA1035X8XB03631-A98256A-R19-C48	1
SA1035X8XB03631-A98256A-R19-C54	1
SA1035X8XB03631-A98256A-R20-C19	1
SA1035X8XB03631-A98256A-R20-C23	2
SA1035X8XB03631-A98256A-R20-C34	1
SA1035X8XB03631-A98256A-R20-C36	2
SA1035X8XB03631-A98256A-R20-C45	2
SA1035X8XB03631-A98256A-R21-C10	1
SA1035X8XB03631-A98256A-R21-C17	1
SA1035X8XB03631-A98256A-R21-C29	2
SA1035X8XB03631-A98256A-R21-C34	1
SA1035X8XB03631-A98256A-R21-C49	1
SA1035X8XB03631-A98256A-R22-C10	1
SA1035X8XB03631-A98256A-R22-C12	1
SA1035X8XB03631-A98256A-R22-C20	1
SA1035X8XB03631-A98256A-R22-C26	2
SA1035X8XB03631-A98256A-R22-C27	1
SA1035X8XB03631-A98256A-R22-C35	1
SA1035X8XB03631-A98256A-R22-C44	1
SA1035X8XB03631-A98256A-R22-C55	2
SA1035X8XB03631-A98256A-R23-C32	1
SA1035X8XB03631-A98256A-R23-C52	2
SA1035X8XB03631-A98256A-R23-C62	1
SA1035X8XB03631-A98256A-R24-C38	1
SA1035X8XB03631-A98256A-R24-C44	2
SA1035X8XB03631-A98256A-R25-C20	1
SA1035X8XB03631-A98256A-R25-C23	1
SA1035X8XB03631-A98256A-R25-C26	1
SA1035X8XB03631-A98256A-R25-C53	1
